"metro_code","metro_name","msa_name","state_code","labor_mult","climate_zone","regional_risk","fema_major_disaster_10y","owner_occupancy_rate_pct","median_year_built","legacy_housing_age_years","repair_pressure_index","source_fema","source_census_owner_occupancy","source_census_median_year_built","generated_at"
"ABILENE_TX","Abilene","Abilene, TX MSA","TX","0.88","2B","Arid Heat / Soil Expansion","17","62.58","1992","34","19.2","https://www.fema.gov/api/open/v2/DisasterDeclarationsSummaries?%24select=state,disasterNumber,declarationType,declarationDate&%24filter=declarationDate%20ge%20%272016-01-01T00:00:00.000z%27%20and%20declarationType%20eq%20%27DR%27&%24top=20000","https://api.census.gov/data/2024/acs/acs5?get=NAME,B25003_001E,B25003_002E&for=state:*","https://api.census.gov/data/2024/acs/acs5?get=NAME,B25035_001E&for=state:*","2026-02-28"
"AKRON_OH","Akron","Akron, OH MSA","OH","0.96","5A","Basement Flooding / Snow","5","67.2","1970","56","20.4","https://www.fema.gov/api/open/v2/DisasterDeclarationsSummaries?%24select=state,disasterNumber,declarationType,declarationDate&%24filter=declarationDate%20ge%20%272016-01-01T00:00:00.000z%27%20and%20declarationType%20eq%20%27DR%27&%24top=20000","https://api.census.gov/data/2024/acs/acs5?get=NAME,B25003_001E,B25003_002E&for=state:*","https://api.census.gov/data/2024/acs/acs5?get=NAME,B25035_001E&for=state:*","2026-02-28"
"ALBANY_SCHENECTADY_NY","Albany Schenectady","Albany Schenectady, NY MSA","NY","1.18","5A","Heavy Snow Load","15","54.35","1959","67","48.6","https://www.fema.gov/api/open/v2/DisasterDeclarationsSummaries?%24select=state,disasterNumber,declarationType,declarationDate&%24filter=declarationDate%20ge%20%272016-01-01T00:00:00.000z%27%20and%20declarationType%20eq%20%27DR%27&%24top=20000","https://api.census.gov/data/2024/acs/acs5?get=NAME,B25003_001E,B25003_002E&for=state:*","https://api.census.gov/data/2024/acs/acs5?get=NAME,B25035_001E&for=state:*","2026-02-28"
"ALBUQUERQUE_NM","Albuquerque","Albuquerque, NM MSA","NM","0.94","3B","Extreme UV / Water Scarcity","7","69.97","1985","41","13.7","https://www.fema.gov/api/open/v2/DisasterDeclarationsSummaries?%24select=state,disasterNumber,declarationType,declarationDate&%24filter=declarationDate%20ge%20%272016-01-01T00:00:00.000z%27%20and%20declarationType%20eq%20%27DR%27&%24top=20000","https://api.census.gov/data/2024/acs/acs5?get=NAME,B25003_001E,B25003_002E&for=state:*","https://api.census.gov/data/2024/acs/acs5?get=NAME,B25035_001E&for=state:*","2026-02-28"
"ALLENTOWN_BETHLEHEM_PA","Allentown Bethlehem","Allentown Bethlehem, PA MSA","PA","1.12","5A","Radon Gas","6","69.33","1965","61","31.7","https://www.fema.gov/api/open/v2/DisasterDeclarationsSummaries?%24select=state,disasterNumber,declarationType,declarationDate&%24filter=declarationDate%20ge%20%272016-01-01T00:00:00.000z%27%20and%20declarationType%20eq%20%27DR%27&%24top=20000","https://api.census.gov/data/2024/acs/acs5?get=NAME,B25003_001E,B25003_002E&for=state:*","https://api.census.gov/data/2024/acs/acs5?get=NAME,B25035_001E&for=state:*","2026-02-28"
"AMARILLO_TX","Amarillo","Amarillo, TX MSA","TX","0.89","3B","High Wind / Hail","17","62.58","1992","34","19.7","https://www.fema.gov/api/open/v2/DisasterDeclarationsSummaries?%24select=state,disasterNumber,declarationType,declarationDate&%24filter=declarationDate%20ge%20%272016-01-01T00:00:00.000z%27%20and%20declarationType%20eq%20%27DR%27&%24top=20000","https://api.census.gov/data/2024/acs/acs5?get=NAME,B25003_001E,B25003_002E&for=state:*","https://api.census.gov/data/2024/acs/acs5?get=NAME,B25035_001E&for=state:*","2026-02-28"
"ANCHORAGE_AK","Anchorage","Anchorage, AK MSA","AK","1.45","7","Seismic / Extreme Cold","22","66.84","1986","40","55","https://www.fema.gov/api/open/v2/DisasterDeclarationsSummaries?%24select=state,disasterNumber,declarationType,declarationDate&%24filter=declarationDate%20ge%20%272016-01-01T00:00:00.000z%27%20and%20declarationType%20eq%20%27DR%27&%24top=20000","https://api.census.gov/data/2024/acs/acs5?get=NAME,B25003_001E,B25003_002E&for=state:*","https://api.census.gov/data/2024/acs/acs5?get=NAME,B25035_001E&for=state:*","2026-02-28"
"ANN_ARBOR_MI","Ann Arbor","Ann Arbor, MI MSA","MI","1.22","5A","Energy Efficiency Codes","7","73.21","1972","54","33.8","https://www.fema.gov/api/open/v2/DisasterDeclarationsSummaries?%24select=state,disasterNumber,declarationType,declarationDate&%24filter=declarationDate%20ge%20%272016-01-01T00:00:00.000z%27%20and%20declarationType%20eq%20%27DR%27&%24top=20000","https://api.census.gov/data/2024/acs/acs5?get=NAME,B25003_001E,B25003_002E&for=state:*","https://api.census.gov/data/2024/acs/acs5?get=NAME,B25035_001E&for=state:*","2026-02-28"
"ASHEVILLE_NC","Asheville","Asheville, NC MSA","NC","1.02","4A","Slope Stability / Logistics","13","66.63","1991","35","21.5","https://www.fema.gov/api/open/v2/DisasterDeclarationsSummaries?%24select=state,disasterNumber,declarationType,declarationDate&%24filter=declarationDate%20ge%20%272016-01-01T00:00:00.000z%27%20and%20declarationType%20eq%20%27DR%27&%24top=20000","https://api.census.gov/data/2024/acs/acs5?get=NAME,B25003_001E,B25003_002E&for=state:*","https://api.census.gov/data/2024/acs/acs5?get=NAME,B25035_001E&for=state:*","2026-02-28"
"ATLANTA_SANDY_SPRINGS_GA","Atlanta Sandy Springs","Atlanta Sandy Springs, GA MSA","GA","0.94","3A","Termite / Urban Sprawl","13","65.69","1992","34","17.2","https://www.fema.gov/api/open/v2/DisasterDeclarationsSummaries?%24select=state,disasterNumber,declarationType,declarationDate&%24filter=declarationDate%20ge%20%272016-01-01T00:00:00.000z%27%20and%20declarationType%20eq%20%27DR%27&%24top=20000","https://api.census.gov/data/2024/acs/acs5?get=NAME,B25003_001E,B25003_002E&for=state:*","https://api.census.gov/data/2024/acs/acs5?get=NAME,B25035_001E&for=state:*","2026-02-28"
"AUSTIN_ROUND_ROCK_TX","Austin Round Rock","Austin Round Rock, TX MSA","TX","1.15","2A","Clay Soil Heave","17","62.58","1992","34","31.8","https://www.fema.gov/api/open/v2/DisasterDeclarationsSummaries?%24select=state,disasterNumber,declarationType,declarationDate&%24filter=declarationDate%20ge%20%272016-01-01T00:00:00.000z%27%20and%20declarationType%20eq%20%27DR%27&%24top=20000","https://api.census.gov/data/2024/acs/acs5?get=NAME,B25003_001E,B25003_002E&for=state:*","https://api.census.gov/data/2024/acs/acs5?get=NAME,B25035_001E&for=state:*","2026-02-28"
"BAKERSFIELD_CA","Bakersfield","Bakersfield, CA MSA","CA","1.18","3B","Title 24 Energy / Air Quality","33","55.86","1976","50","61.1","https://www.fema.gov/api/open/v2/DisasterDeclarationsSummaries?%24select=state,disasterNumber,declarationType,declarationDate&%24filter=declarationDate%20ge%20%272016-01-01T00:00:00.000z%27%20and%20declarationType%20eq%20%27DR%27&%24top=20000","https://api.census.gov/data/2024/acs/acs5?get=NAME,B25003_001E,B25003_002E&for=state:*","https://api.census.gov/data/2024/acs/acs5?get=NAME,B25035_001E&for=state:*","2026-02-28"
"BALTIMORE_COLUMBIA_MD","Baltimore Columbia","Baltimore Columbia, MD MSA","MD","1.25","4A","Historic Preservation","6","67.61","1979","47","30.2","https://www.fema.gov/api/open/v2/DisasterDeclarationsSummaries?%24select=state,disasterNumber,declarationType,declarationDate&%24filter=declarationDate%20ge%20%272016-01-01T00:00:00.000z%27%20and%20declarationType%20eq%20%27DR%27&%24top=20000","https://api.census.gov/data/2024/acs/acs5?get=NAME,B25003_001E,B25003_002E&for=state:*","https://api.census.gov/data/2024/acs/acs5?get=NAME,B25035_001E&for=state:*","2026-02-28"
"BATON_ROUGE_LA","Baton Rouge","Baton Rouge, LA MSA","LA","0.92","2A","Flood / Humidity","16","67.38","1983","43","24.8","https://www.fema.gov/api/open/v2/DisasterDeclarationsSummaries?%24select=state,disasterNumber,declarationType,declarationDate&%24filter=declarationDate%20ge%20%272016-01-01T00:00:00.000z%27%20and%20declarationType%20eq%20%27DR%27&%24top=20000","https://api.census.gov/data/2024/acs/acs5?get=NAME,B25003_001E,B25003_002E&for=state:*","https://api.census.gov/data/2024/acs/acs5?get=NAME,B25035_001E&for=state:*","2026-02-28"
"BOISE_CITY_ID","Boise City","Boise City, ID MSA","ID","1.08","5B","Rapid Growth / Labor Shortage","9","72.14","1991","35","19.4","https://www.fema.gov/api/open/v2/DisasterDeclarationsSummaries?%24select=state,disasterNumber,declarationType,declarationDate&%24filter=declarationDate%20ge%20%272016-01-01T00:00:00.000z%27%20and%20declarationType%20eq%20%27DR%27&%24top=20000","https://api.census.gov/data/2024/acs/acs5?get=NAME,B25003_001E,B25003_002E&for=state:*","https://api.census.gov/data/2024/acs/acs5?get=NAME,B25035_001E&for=state:*","2026-02-28"
"BOSTON_CAMBRIDGE_MA","Boston Cambridge","Boston Cambridge, MA MSA","MA","1.55","5A","Old Infrastructure / Traffic","5","62.52","1964","62","51","https://www.fema.gov/api/open/v2/DisasterDeclarationsSummaries?%24select=state,disasterNumber,declarationType,declarationDate&%24filter=declarationDate%20ge%20%272016-01-01T00:00:00.000z%27%20and%20declarationType%20eq%20%27DR%27&%24top=20000","https://api.census.gov/data/2024/acs/acs5?get=NAME,B25003_001E,B25003_002E&for=state:*","https://api.census.gov/data/2024/acs/acs5?get=NAME,B25035_001E&for=state:*","2026-02-28"
"BOULDER_CO","Boulder","Boulder, CO MSA","CO","1.32","5B","Green Building Mandates","4","66.2","1988","38","26.1","https://www.fema.gov/api/open/v2/DisasterDeclarationsSummaries?%24select=state,disasterNumber,declarationType,declarationDate&%24filter=declarationDate%20ge%20%272016-01-01T00:00:00.000z%27%20and%20declarationType%20eq%20%27DR%27&%24top=20000","https://api.census.gov/data/2024/acs/acs5?get=NAME,B25003_001E,B25003_002E&for=state:*","https://api.census.gov/data/2024/acs/acs5?get=NAME,B25035_001E&for=state:*","2026-02-28"
"BRIDGEPORT_STAMFORD_CT","Bridgeport Stamford","Bridgeport Stamford, CT MSA","CT","1.42","5A","High Affluence Premiums","6","66.46","1967","59","44.5","https://www.fema.gov/api/open/v2/DisasterDeclarationsSummaries?%24select=state,disasterNumber,declarationType,declarationDate&%24filter=declarationDate%20ge%20%272016-01-01T00:00:00.000z%27%20and%20declarationType%20eq%20%27DR%27&%24top=20000","https://api.census.gov/data/2024/acs/acs5?get=NAME,B25003_001E,B25003_002E&for=state:*","https://api.census.gov/data/2024/acs/acs5?get=NAME,B25035_001E&for=state:*","2026-02-28"
"BUFFALO_CHEEKTOWAGA_NY","Buffalo Cheektowaga","Buffalo Cheektowaga, NY MSA","NY","1.1","6A","Severe Snow Load","15","54.35","1959","67","44.9","https://www.fema.gov/api/open/v2/DisasterDeclarationsSummaries?%24select=state,disasterNumber,declarationType,declarationDate&%24filter=declarationDate%20ge%20%272016-01-01T00:00:00.000z%27%20and%20declarationType%20eq%20%27DR%27&%24top=20000","https://api.census.gov/data/2024/acs/acs5?get=NAME,B25003_001E,B25003_002E&for=state:*","https://api.census.gov/data/2024/acs/acs5?get=NAME,B25035_001E&for=state:*","2026-02-28"
"BURLINGTON_SOUTH_BURLINGTON_VT","Burlington South Burlington","Burlington South Burlington, VT MSA","VT","1.15","6A","Extreme Cold / Skilled Labor","15","73.18","1976","50","38","https://www.fema.gov/api/open/v2/DisasterDeclarationsSummaries?%24select=state,disasterNumber,declarationType,declarationDate&%24filter=declarationDate%20ge%20%272016-01-01T00:00:00.000z%27%20and%20declarationType%20eq%20%27DR%27&%24top=20000","https://api.census.gov/data/2024/acs/acs5?get=NAME,B25003_001E,B25003_002E&for=state:*","https://api.census.gov/data/2024/acs/acs5?get=NAME,B25035_001E&for=state:*","2026-02-28"
"CHARLESTON_NORTH_CHARLESTON_SC","Charleston North Charleston","Charleston North Charleston, SC MSA","SC","1.04","3A","Coastal Flooding / Salt Air","11","71.87","1992","34","19.4","https://www.fema.gov/api/open/v2/DisasterDeclarationsSummaries?%24select=state,disasterNumber,declarationType,declarationDate&%24filter=declarationDate%20ge%20%272016-01-01T00:00:00.000z%27%20and%20declarationType%20eq%20%27DR%27&%24top=20000","https://api.census.gov/data/2024/acs/acs5?get=NAME,B25003_001E,B25003_002E&for=state:*","https://api.census.gov/data/2024/acs/acs5?get=NAME,B25035_001E&for=state:*","2026-02-28"
"CHARLOTTE_CONCORD_NC","Charlotte Concord","Charlotte Concord, NC MSA","NC","0.98","3A","High Growth / Sprawl","13","66.63","1991","35","19.6","https://www.fema.gov/api/open/v2/DisasterDeclarationsSummaries?%24select=state,disasterNumber,declarationType,declarationDate&%24filter=declarationDate%20ge%20%272016-01-01T00:00:00.000z%27%20and%20declarationType%20eq%20%27DR%27&%24top=20000","https://api.census.gov/data/2024/acs/acs5?get=NAME,B25003_001E,B25003_002E&for=state:*","https://api.census.gov/data/2024/acs/acs5?get=NAME,B25035_001E&for=state:*","2026-02-28"
"CHATTANOOGA_TN","Chattanooga","Chattanooga, TN MSA","TN","0.9","3A","Mountain Logistics","24","66.94","1987","39","31.3","https://www.fema.gov/api/open/v2/DisasterDeclarationsSummaries?%24select=state,disasterNumber,declarationType,declarationDate&%24filter=declarationDate%20ge%20%272016-01-01T00:00:00.000z%27%20and%20declarationType%20eq%20%27DR%27&%24top=20000","https://api.census.gov/data/2024/acs/acs5?get=NAME,B25003_001E,B25003_002E&for=state:*","https://api.census.gov/data/2024/acs/acs5?get=NAME,B25035_001E&for=state:*","2026-02-28"
"CHICAGO_NAPERVILLE_IL","Chicago Naperville","Chicago Naperville, IL MSA","IL","1.45","5A","Union Labor / Freeze-Thaw","6","67.09","1971","55","43.8","https://www.fema.gov/api/open/v2/DisasterDeclarationsSummaries?%24select=state,disasterNumber,declarationType,declarationDate&%24filter=declarationDate%20ge%20%272016-01-01T00:00:00.000z%27%20and%20declarationType%20eq%20%27DR%27&%24top=20000","https://api.census.gov/data/2024/acs/acs5?get=NAME,B25003_001E,B25003_002E&for=state:*","https://api.census.gov/data/2024/acs/acs5?get=NAME,B25035_001E&for=state:*","2026-02-28"
"CINCINNATI_OH","Cincinnati","Cincinnati, OH MSA","OH","1.02","4A","Slope Stability","5","67.2","1970","56","23.1","https://www.fema.gov/api/open/v2/DisasterDeclarationsSummaries?%24select=state,disasterNumber,declarationType,declarationDate&%24filter=declarationDate%20ge%20%272016-01-01T00:00:00.000z%27%20and%20declarationType%20eq%20%27DR%27&%24top=20000","https://api.census.gov/data/2024/acs/acs5?get=NAME,B25003_001E,B25003_002E&for=state:*","https://api.census.gov/data/2024/acs/acs5?get=NAME,B25035_001E&for=state:*","2026-02-28"
"CLEVELAND_ELYRIA_OH","Cleveland Elyria","Cleveland Elyria, OH MSA","OH","1.08","5A","Lake Effect Snow","5","67.2","1970","56","25.9","https://www.fema.gov/api/open/v2/DisasterDeclarationsSummaries?%24select=state,disasterNumber,declarationType,declarationDate&%24filter=declarationDate%20ge%20%272016-01-01T00:00:00.000z%27%20and%20declarationType%20eq%20%27DR%27&%24top=20000","https://api.census.gov/data/2024/acs/acs5?get=NAME,B25003_001E,B25003_002E&for=state:*","https://api.census.gov/data/2024/acs/acs5?get=NAME,B25035_001E&for=state:*","2026-02-28"
"COLORADO_SPRINGS_CO","Colorado Springs","Colorado Springs, CO MSA","CO","1.12","5B","Hail / Altitude","4","66.2","1988","38","16.9","https://www.fema.gov/api/open/v2/DisasterDeclarationsSummaries?%24select=state,disasterNumber,declarationType,declarationDate&%24filter=declarationDate%20ge%20%272016-01-01T00:00:00.000z%27%20and%20declarationType%20eq%20%27DR%27&%24top=20000","https://api.census.gov/data/2024/acs/acs5?get=NAME,B25003_001E,B25003_002E&for=state:*","https://api.census.gov/data/2024/acs/acs5?get=NAME,B25035_001E&for=state:*","2026-02-28"
"COLUMBIA_SC","Columbia","Columbia, SC MSA","SC","0.91","3A","High Humidity","11","71.87","1992","34","13.4","https://www.fema.gov/api/open/v2/DisasterDeclarationsSummaries?%24select=state,disasterNumber,declarationType,declarationDate&%24filter=declarationDate%20ge%20%272016-01-01T00:00:00.000z%27%20and%20declarationType%20eq%20%27DR%27&%24top=20000","https://api.census.gov/data/2024/acs/acs5?get=NAME,B25003_001E,B25003_002E&for=state:*","https://api.census.gov/data/2024/acs/acs5?get=NAME,B25035_001E&for=state:*","2026-02-28"
"COLUMBUS_OH","Columbus","Columbus, OH MSA","OH","1.04","5A","Basement Moisture","5","67.2","1970","56","24.1","https://www.fema.gov/api/open/v2/DisasterDeclarationsSummaries?%24select=state,disasterNumber,declarationType,declarationDate&%24filter=declarationDate%20ge%20%272016-01-01T00:00:00.000z%27%20and%20declarationType%20eq%20%27DR%27&%24top=20000","https://api.census.gov/data/2024/acs/acs5?get=NAME,B25003_001E,B25003_002E&for=state:*","https://api.census.gov/data/2024/acs/acs5?get=NAME,B25035_001E&for=state:*","2026-02-28"
"CORPUS_CHRISTI_TX","Corpus Christi","Corpus Christi, TX MSA","TX","0.93","2A","Salt Air Corrosion","17","62.58","1992","34","21.6","https://www.fema.gov/api/open/v2/DisasterDeclarationsSummaries?%24select=state,disasterNumber,declarationType,declarationDate&%24filter=declarationDate%20ge%20%272016-01-01T00:00:00.000z%27%20and%20declarationType%20eq%20%27DR%27&%24top=20000","https://api.census.gov/data/2024/acs/acs5?get=NAME,B25003_001E,B25003_002E&for=state:*","https://api.census.gov/data/2024/acs/acs5?get=NAME,B25035_001E&for=state:*","2026-02-28"
"DALLAS_FT_WORTH_ARLINGTON_TX","Dallas FT Worth Arlington","Dallas FT Worth Arlington, TX MSA","TX","0.98","3A","Soil Expansion / Hail","17","62.58","1992","34","23.9","https://www.fema.gov/api/open/v2/DisasterDeclarationsSummaries?%24select=state,disasterNumber,declarationType,declarationDate&%24filter=declarationDate%20ge%20%272016-01-01T00:00:00.000z%27%20and%20declarationType%20eq%20%27DR%27&%24top=20000","https://api.census.gov/data/2024/acs/acs5?get=NAME,B25003_001E,B25003_002E&for=state:*","https://api.census.gov/data/2024/acs/acs5?get=NAME,B25035_001E&for=state:*","2026-02-28"
"DAVENPORT_MOLINE_IA_IL","Davenport Moline IA","Davenport Moline IA, IL MSA","IL","1.05","5A","River Flooding","6","67.09","1971","55","25.2","https://www.fema.gov/api/open/v2/DisasterDeclarationsSummaries?%24select=state,disasterNumber,declarationType,declarationDate&%24filter=declarationDate%20ge%20%272016-01-01T00:00:00.000z%27%20and%20declarationType%20eq%20%27DR%27&%24top=20000","https://api.census.gov/data/2024/acs/acs5?get=NAME,B25003_001E,B25003_002E&for=state:*","https://api.census.gov/data/2024/acs/acs5?get=NAME,B25035_001E&for=state:*","2026-02-28"
"DAYTON_KETTERING_OH","Dayton Kettering","Dayton Kettering, OH MSA","OH","0.96","5A","Aging Infrastructure","5","67.2","1970","56","20.4","https://www.fema.gov/api/open/v2/DisasterDeclarationsSummaries?%24select=state,disasterNumber,declarationType,declarationDate&%24filter=declarationDate%20ge%20%272016-01-01T00:00:00.000z%27%20and%20declarationType%20eq%20%27DR%27&%24top=20000","https://api.census.gov/data/2024/acs/acs5?get=NAME,B25003_001E,B25003_002E&for=state:*","https://api.census.gov/data/2024/acs/acs5?get=NAME,B25035_001E&for=state:*","2026-02-28"
"DELTONA_DAYTONA_BEACH_FL","Deltona Daytona Beach","Deltona Daytona Beach, FL MSA","FL","1.02","2A","Hurricane Wind / Salt","19","67.62","1988","38","30.3","https://www.fema.gov/api/open/v2/DisasterDeclarationsSummaries?%24select=state,disasterNumber,declarationType,declarationDate&%24filter=declarationDate%20ge%20%272016-01-01T00:00:00.000z%27%20and%20declarationType%20eq%20%27DR%27&%24top=20000","https://api.census.gov/data/2024/acs/acs5?get=NAME,B25003_001E,B25003_002E&for=state:*","https://api.census.gov/data/2024/acs/acs5?get=NAME,B25035_001E&for=state:*","2026-02-28"
"DENVER_AURORA_LAKEWOOD_CO","Denver Aurora Lakewood","Denver Aurora Lakewood, CO MSA","CO","1.25","5B","Labor Shortage / Hail","4","66.2","1988","38","22.9","https://www.fema.gov/api/open/v2/DisasterDeclarationsSummaries?%24select=state,disasterNumber,declarationType,declarationDate&%24filter=declarationDate%20ge%20%272016-01-01T00:00:00.000z%27%20and%20declarationType%20eq%20%27DR%27&%24top=20000","https://api.census.gov/data/2024/acs/acs5?get=NAME,B25003_001E,B25003_002E&for=state:*","https://api.census.gov/data/2024/acs/acs5?get=NAME,B25035_001E&for=state:*","2026-02-28"
"DES_MOINES_WEST_DES_MOINES_IA","Des Moines West Des Moines","Des Moines West Des Moines, IA MSA","IA","1.02","5A","Radon / Tornado","16","71.7","1972","54","35.3","https://www.fema.gov/api/open/v2/DisasterDeclarationsSummaries?%24select=state,disasterNumber,declarationType,declarationDate&%24filter=declarationDate%20ge%20%272016-01-01T00:00:00.000z%27%20and%20declarationType%20eq%20%27DR%27&%24top=20000","https://api.census.gov/data/2024/acs/acs5?get=NAME,B25003_001E,B25003_002E&for=state:*","https://api.census.gov/data/2024/acs/acs5?get=NAME,B25035_001E&for=state:*","2026-02-28"
"DETROIT_WARREN_DEARBORN_MI","Detroit Warren Dearborn","Detroit Warren Dearborn, MI MSA","MI","1.28","5A","Lead / Urban Decay","7","73.21","1972","54","36.5","https://www.fema.gov/api/open/v2/DisasterDeclarationsSummaries?%24select=state,disasterNumber,declarationType,declarationDate&%24filter=declarationDate%20ge%20%272016-01-01T00:00:00.000z%27%20and%20declarationType%20eq%20%27DR%27&%24top=20000","https://api.census.gov/data/2024/acs/acs5?get=NAME,B25003_001E,B25003_002E&for=state:*","https://api.census.gov/data/2024/acs/acs5?get=NAME,B25035_001E&for=state:*","2026-02-28"
"DURHAM_CHAPEL_HILL_NC","Durham Chapel Hill","Durham Chapel Hill, NC MSA","NC","1.08","3A","Permit Standards","13","66.63","1991","35","24.2","https://www.fema.gov/api/open/v2/DisasterDeclarationsSummaries?%24select=state,disasterNumber,declarationType,declarationDate&%24filter=declarationDate%20ge%20%272016-01-01T00:00:00.000z%27%20and%20declarationType%20eq%20%27DR%27&%24top=20000","https://api.census.gov/data/2024/acs/acs5?get=NAME,B25003_001E,B25003_002E&for=state:*","https://api.census.gov/data/2024/acs/acs5?get=NAME,B25035_001E&for=state:*","2026-02-28"
"EL_PASO_TX","EL Paso","EL Paso, TX MSA","TX","0.86","3B","High Heat / Water","17","62.58","1992","34","18.3","https://www.fema.gov/api/open/v2/DisasterDeclarationsSummaries?%24select=state,disasterNumber,declarationType,declarationDate&%24filter=declarationDate%20ge%20%272016-01-01T00:00:00.000z%27%20and%20declarationType%20eq%20%27DR%27&%24top=20000","https://api.census.gov/data/2024/acs/acs5?get=NAME,B25003_001E,B25003_002E&for=state:*","https://api.census.gov/data/2024/acs/acs5?get=NAME,B25035_001E&for=state:*","2026-02-28"
"ERIE_PA","Erie","Erie, PA MSA","PA","0.94","5A","Lake Effect Snow","6","69.33","1965","61","23.3","https://www.fema.gov/api/open/v2/DisasterDeclarationsSummaries?%24select=state,disasterNumber,declarationType,declarationDate&%24filter=declarationDate%20ge%20%272016-01-01T00:00:00.000z%27%20and%20declarationType%20eq%20%27DR%27&%24top=20000","https://api.census.gov/data/2024/acs/acs5?get=NAME,B25003_001E,B25003_002E&for=state:*","https://api.census.gov/data/2024/acs/acs5?get=NAME,B25035_001E&for=state:*","2026-02-28"
"EUGENE_OR","Eugene","Eugene, OR MSA","OR","1.18","4C","Moss / Dampness","13","63.31","1981","45","34.3","https://www.fema.gov/api/open/v2/DisasterDeclarationsSummaries?%24select=state,disasterNumber,declarationType,declarationDate&%24filter=declarationDate%20ge%20%272016-01-01T00:00:00.000z%27%20and%20declarationType%20eq%20%27DR%27&%24top=20000","https://api.census.gov/data/2024/acs/acs5?get=NAME,B25003_001E,B25003_002E&for=state:*","https://api.census.gov/data/2024/acs/acs5?get=NAME,B25035_001E&for=state:*","2026-02-28"
"EVANSVILLE_IN_KY","Evansville IN","Evansville IN, KY MSA","KY","0.92","4A","Flood Plain","19","68.33","1982","44","28.9","https://www.fema.gov/api/open/v2/DisasterDeclarationsSummaries?%24select=state,disasterNumber,declarationType,declarationDate&%24filter=declarationDate%20ge%20%272016-01-01T00:00:00.000z%27%20and%20declarationType%20eq%20%27DR%27&%24top=20000","https://api.census.gov/data/2024/acs/acs5?get=NAME,B25003_001E,B25003_002E&for=state:*","https://api.census.gov/data/2024/acs/acs5?get=NAME,B25035_001E&for=state:*","2026-02-28"
"FARGO_ND_MN","Fargo ND","Fargo ND, MN MSA","MN","1.06","7","Extreme Cold / Frost","11","72.21","1979","47","27.4","https://www.fema.gov/api/open/v2/DisasterDeclarationsSummaries?%24select=state,disasterNumber,declarationType,declarationDate&%24filter=declarationDate%20ge%20%272016-01-01T00:00:00.000z%27%20and%20declarationType%20eq%20%27DR%27&%24top=20000","https://api.census.gov/data/2024/acs/acs5?get=NAME,B25003_001E,B25003_002E&for=state:*","https://api.census.gov/data/2024/acs/acs5?get=NAME,B25035_001E&for=state:*","2026-02-28"
"FAYETTEVILLE_NC","Fayetteville","Fayetteville, NC MSA","NC","0.91","3A","Rental Turnover","13","66.63","1991","35","16.3","https://www.fema.gov/api/open/v2/DisasterDeclarationsSummaries?%24select=state,disasterNumber,declarationType,declarationDate&%24filter=declarationDate%20ge%20%272016-01-01T00:00:00.000z%27%20and%20declarationType%20eq%20%27DR%27&%24top=20000","https://api.census.gov/data/2024/acs/acs5?get=NAME,B25003_001E,B25003_002E&for=state:*","https://api.census.gov/data/2024/acs/acs5?get=NAME,B25035_001E&for=state:*","2026-02-28"
"FLAGSTAFF_AZ","Flagstaff","Flagstaff, AZ MSA","AZ","1.15","5B","Mountain Logistics","11","67.37","1992","34","24.5","https://www.fema.gov/api/open/v2/DisasterDeclarationsSummaries?%24select=state,disasterNumber,declarationType,declarationDate&%24filter=declarationDate%20ge%20%272016-01-01T00:00:00.000z%27%20and%20declarationType%20eq%20%27DR%27&%24top=20000","https://api.census.gov/data/2024/acs/acs5?get=NAME,B25003_001E,B25003_002E&for=state:*","https://api.census.gov/data/2024/acs/acs5?get=NAME,B25035_001E&for=state:*","2026-02-28"
"FLINT_MI","Flint","Flint, MI MSA","MI","1.1","5A","Water Infrastructure","7","73.21","1972","54","28.2","https://www.fema.gov/api/open/v2/DisasterDeclarationsSummaries?%24select=state,disasterNumber,declarationType,declarationDate&%24filter=declarationDate%20ge%20%272016-01-01T00:00:00.000z%27%20and%20declarationType%20eq%20%27DR%27&%24top=20000","https://api.census.gov/data/2024/acs/acs5?get=NAME,B25003_001E,B25003_002E&for=state:*","https://api.census.gov/data/2024/acs/acs5?get=NAME,B25035_001E&for=state:*","2026-02-28"
"FORT_COLLINS_CO","Fort Collins","Fort Collins, CO MSA","CO","1.2","5B","Hail / Rapid Growth","4","66.2","1988","38","20.6","https://www.fema.gov/api/open/v2/DisasterDeclarationsSummaries?%24select=state,disasterNumber,declarationType,declarationDate&%24filter=declarationDate%20ge%20%272016-01-01T00:00:00.000z%27%20and%20declarationType%20eq%20%27DR%27&%24top=20000","https://api.census.gov/data/2024/acs/acs5?get=NAME,B25003_001E,B25003_002E&for=state:*","https://api.census.gov/data/2024/acs/acs5?get=NAME,B25035_001E&for=state:*","2026-02-28"
"FORT_WAYNE_IN","Fort Wayne","Fort Wayne, IN MSA","IN","0.94","5A","Tornado","4","70.55","1976","50","15","https://www.fema.gov/api/open/v2/DisasterDeclarationsSummaries?%24select=state,disasterNumber,declarationType,declarationDate&%24filter=declarationDate%20ge%20%272016-01-01T00:00:00.000z%27%20and%20declarationType%20eq%20%27DR%27&%24top=20000","https://api.census.gov/data/2024/acs/acs5?get=NAME,B25003_001E,B25003_002E&for=state:*","https://api.census.gov/data/2024/acs/acs5?get=NAME,B25035_001E&for=state:*","2026-02-28"
"FRESNO_CA","Fresno","Fresno, CA MSA","CA","1.22","3B","Air Quality / Heat","33","55.86","1976","50","63","https://www.fema.gov/api/open/v2/DisasterDeclarationsSummaries?%24select=state,disasterNumber,declarationType,declarationDate&%24filter=declarationDate%20ge%20%272016-01-01T00:00:00.000z%27%20and%20declarationType%20eq%20%27DR%27&%24top=20000","https://api.census.gov/data/2024/acs/acs5?get=NAME,B25003_001E,B25003_002E&for=state:*","https://api.census.gov/data/2024/acs/acs5?get=NAME,B25035_001E&for=state:*","2026-02-28"
"GAINESVILLE_FL","Gainesville","Gainesville, FL MSA","FL","1","2A","Humidity / Student Turnover","19","67.62","1988","38","29.4","https://www.fema.gov/api/open/v2/DisasterDeclarationsSummaries?%24select=state,disasterNumber,declarationType,declarationDate&%24filter=declarationDate%20ge%20%272016-01-01T00:00:00.000z%27%20and%20declarationType%20eq%20%27DR%27&%24top=20000","https://api.census.gov/data/2024/acs/acs5?get=NAME,B25003_001E,B25003_002E&for=state:*","https://api.census.gov/data/2024/acs/acs5?get=NAME,B25035_001E&for=state:*","2026-02-28"
"GRAND_RAPIDS_WYOMING_MI","Grand Rapids Wyoming","Grand Rapids Wyoming, MI MSA","MI","1.08","5A","Lake Snow","7","73.21","1972","54","27.3","https://www.fema.gov/api/open/v2/DisasterDeclarationsSummaries?%24select=state,disasterNumber,declarationType,declarationDate&%24filter=declarationDate%20ge%20%272016-01-01T00:00:00.000z%27%20and%20declarationType%20eq%20%27DR%27&%24top=20000","https://api.census.gov/data/2024/acs/acs5?get=NAME,B25003_001E,B25003_002E&for=state:*","https://api.census.gov/data/2024/acs/acs5?get=NAME,B25035_001E&for=state:*","2026-02-28"
"GREELEY_CO","Greeley","Greeley, CO MSA","CO","1.16","5B","Oil/Gas Soil Issues","4","66.2","1988","38","18.7","https://www.fema.gov/api/open/v2/DisasterDeclarationsSummaries?%24select=state,disasterNumber,declarationType,declarationDate&%24filter=declarationDate%20ge%20%272016-01-01T00:00:00.000z%27%20and%20declarationType%20eq%20%27DR%27&%24top=20000","https://api.census.gov/data/2024/acs/acs5?get=NAME,B25003_001E,B25003_002E&for=state:*","https://api.census.gov/data/2024/acs/acs5?get=NAME,B25035_001E&for=state:*","2026-02-28"
"GREENSBORO_HIGH_POINT_NC","Greensboro High Point","Greensboro High Point, NC MSA","NC","0.94","3A","Termite","13","66.63","1991","35","17.7","https://www.fema.gov/api/open/v2/DisasterDeclarationsSummaries?%24select=state,disasterNumber,declarationType,declarationDate&%24filter=declarationDate%20ge%20%272016-01-01T00:00:00.000z%27%20and%20declarationType%20eq%20%27DR%27&%24top=20000","https://api.census.gov/data/2024/acs/acs5?get=NAME,B25003_001E,B25003_002E&for=state:*","https://api.census.gov/data/2024/acs/acs5?get=NAME,B25035_001E&for=state:*","2026-02-28"
"GREENVILLE_ANDERSON_SC","Greenville Anderson","Greenville Anderson, SC MSA","SC","0.95","3A","Slope / Clay Soil","11","71.87","1992","34","15.2","https://www.fema.gov/api/open/v2/DisasterDeclarationsSummaries?%24select=state,disasterNumber,declarationType,declarationDate&%24filter=declarationDate%20ge%20%272016-01-01T00:00:00.000z%27%20and%20declarationType%20eq%20%27DR%27&%24top=20000","https://api.census.gov/data/2024/acs/acs5?get=NAME,B25003_001E,B25003_002E&for=state:*","https://api.census.gov/data/2024/acs/acs5?get=NAME,B25035_001E&for=state:*","2026-02-28"
"HARRISBURG_CARLISLE_PA","Harrisburg Carlisle","Harrisburg Carlisle, PA MSA","PA","1.08","5A","Sinkhole Risk","6","69.33","1965","61","29.8","https://www.fema.gov/api/open/v2/DisasterDeclarationsSummaries?%24select=state,disasterNumber,declarationType,declarationDate&%24filter=declarationDate%20ge%20%272016-01-01T00:00:00.000z%27%20and%20declarationType%20eq%20%27DR%27&%24top=20000","https://api.census.gov/data/2024/acs/acs5?get=NAME,B25003_001E,B25003_002E&for=state:*","https://api.census.gov/data/2024/acs/acs5?get=NAME,B25035_001E&for=state:*","2026-02-28"
"HARTFORD_WEST_HARTFORD_CT","Hartford West Hartford","Hartford West Hartford, CT MSA","CT","1.35","5A","Crumbling Foundation","6","66.46","1967","59","41.3","https://www.fema.gov/api/open/v2/DisasterDeclarationsSummaries?%24select=state,disasterNumber,declarationType,declarationDate&%24filter=declarationDate%20ge%20%272016-01-01T00:00:00.000z%27%20and%20declarationType%20eq%20%27DR%27&%24top=20000","https://api.census.gov/data/2024/acs/acs5?get=NAME,B25003_001E,B25003_002E&for=state:*","https://api.census.gov/data/2024/acs/acs5?get=NAME,B25035_001E&for=state:*","2026-02-28"
"HILTON_HEAD_ISLAND_SC","Hilton Head Island","Hilton Head Island, SC MSA","SC","1.25","3A","Hurricane / Labor Commute","11","71.87","1992","34","29.2","https://www.fema.gov/api/open/v2/DisasterDeclarationsSummaries?%24select=state,disasterNumber,declarationType,declarationDate&%24filter=declarationDate%20ge%20%272016-01-01T00:00:00.000z%27%20and%20declarationType%20eq%20%27DR%27&%24top=20000","https://api.census.gov/data/2024/acs/acs5?get=NAME,B25003_001E,B25003_002E&for=state:*","https://api.census.gov/data/2024/acs/acs5?get=NAME,B25035_001E&for=state:*","2026-02-28"
"HONOLULU_HI","Honolulu","Honolulu, HI MSA","HI","1.62","1","Termite / Corrosion","10","63","1980","46","51.6","https://www.fema.gov/api/open/v2/DisasterDeclarationsSummaries?%24select=state,disasterNumber,declarationType,declarationDate&%24filter=declarationDate%20ge%20%272016-01-01T00:00:00.000z%27%20and%20declarationType%20eq%20%27DR%27&%24top=20000","https://api.census.gov/data/2024/acs/acs5?get=NAME,B25003_001E,B25003_002E&for=state:*","https://api.census.gov/data/2024/acs/acs5?get=NAME,B25035_001E&for=state:*","2026-02-28"
"HOUSTON_THE_WOODLANDS_TX","Houston The Woodlands","Houston The Woodlands, TX MSA","TX","0.92","2A","Flood / Mold","17","62.58","1992","34","21.1","https://www.fema.gov/api/open/v2/DisasterDeclarationsSummaries?%24select=state,disasterNumber,declarationType,declarationDate&%24filter=declarationDate%20ge%20%272016-01-01T00:00:00.000z%27%20and%20declarationType%20eq%20%27DR%27&%24top=20000","https://api.census.gov/data/2024/acs/acs5?get=NAME,B25003_001E,B25003_002E&for=state:*","https://api.census.gov/data/2024/acs/acs5?get=NAME,B25035_001E&for=state:*","2026-02-28"
"HUNTSVILLE_AL","Huntsville","Huntsville, AL MSA","AL","1.02","3A","Tornado / Clay Soil","17","70.2","1986","40","29","https://www.fema.gov/api/open/v2/DisasterDeclarationsSummaries?%24select=state,disasterNumber,declarationType,declarationDate&%24filter=declarationDate%20ge%20%272016-01-01T00:00:00.000z%27%20and%20declarationType%20eq%20%27DR%27&%24top=20000","https://api.census.gov/data/2024/acs/acs5?get=NAME,B25003_001E,B25003_002E&for=state:*","https://api.census.gov/data/2024/acs/acs5?get=NAME,B25035_001E&for=state:*","2026-02-28"
"INDIANAPOLIS_CARMEL_IN","Indianapolis Carmel","Indianapolis Carmel, IN MSA","IN","0.98","5A","Sump Pump Dep","4","70.55","1976","50","16.8","https://www.fema.gov/api/open/v2/DisasterDeclarationsSummaries?%24select=state,disasterNumber,declarationType,declarationDate&%24filter=declarationDate%20ge%20%272016-01-01T00:00:00.000z%27%20and%20declarationType%20eq%20%27DR%27&%24top=20000","https://api.census.gov/data/2024/acs/acs5?get=NAME,B25003_001E,B25003_002E&for=state:*","https://api.census.gov/data/2024/acs/acs5?get=NAME,B25035_001E&for=state:*","2026-02-28"
"IOWA_CITY_IA","Iowa City","Iowa City, IA MSA","IA","1.04","5A","Wind / Hail","16","71.7","1972","54","36.3","https://www.fema.gov/api/open/v2/DisasterDeclarationsSummaries?%24select=state,disasterNumber,declarationType,declarationDate&%24filter=declarationDate%20ge%20%272016-01-01T00:00:00.000z%27%20and%20declarationType%20eq%20%27DR%27&%24top=20000","https://api.census.gov/data/2024/acs/acs5?get=NAME,B25003_001E,B25003_002E&for=state:*","https://api.census.gov/data/2024/acs/acs5?get=NAME,B25035_001E&for=state:*","2026-02-28"
"JACKSON_MS","Jackson","Jackson, MS MSA","MS","0.85","3A","Soil Shift / Water Infra","22","70","1986","40","27.1","https://www.fema.gov/api/open/v2/DisasterDeclarationsSummaries?%24select=state,disasterNumber,declarationType,declarationDate&%24filter=declarationDate%20ge%20%272016-01-01T00:00:00.000z%27%20and%20declarationType%20eq%20%27DR%27&%24top=20000","https://api.census.gov/data/2024/acs/acs5?get=NAME,B25003_001E,B25003_002E&for=state:*","https://api.census.gov/data/2024/acs/acs5?get=NAME,B25035_001E&for=state:*","2026-02-28"
"JACKSONVILLE_FL","Jacksonville","Jacksonville, FL MSA","FL","0.96","2A","Hurricane / Humidity","19","67.62","1988","38","27.5","https://www.fema.gov/api/open/v2/DisasterDeclarationsSummaries?%24select=state,disasterNumber,declarationType,declarationDate&%24filter=declarationDate%20ge%20%272016-01-01T00:00:00.000z%27%20and%20declarationType%20eq%20%27DR%27&%24top=20000","https://api.census.gov/data/2024/acs/acs5?get=NAME,B25003_001E,B25003_002E&for=state:*","https://api.census.gov/data/2024/acs/acs5?get=NAME,B25035_001E&for=state:*","2026-02-28"
"KANSAS_CITY_MO_KS","Kansas City MO","Kansas City MO, KS MSA","KS","1.08","4A","Foundation Crack","19","67.15","1976","50","39.6","https://www.fema.gov/api/open/v2/DisasterDeclarationsSummaries?%24select=state,disasterNumber,declarationType,declarationDate&%24filter=declarationDate%20ge%20%272016-01-01T00:00:00.000z%27%20and%20declarationType%20eq%20%27DR%27&%24top=20000","https://api.census.gov/data/2024/acs/acs5?get=NAME,B25003_001E,B25003_002E&for=state:*","https://api.census.gov/data/2024/acs/acs5?get=NAME,B25035_001E&for=state:*","2026-02-28"
"KNOXVILLE_TN","Knoxville","Knoxville, TN MSA","TN","0.92","4A","Radon","24","66.94","1987","39","32.3","https://www.fema.gov/api/open/v2/DisasterDeclarationsSummaries?%24select=state,disasterNumber,declarationType,declarationDate&%24filter=declarationDate%20ge%20%272016-01-01T00:00:00.000z%27%20and%20declarationType%20eq%20%27DR%27&%24top=20000","https://api.census.gov/data/2024/acs/acs5?get=NAME,B25003_001E,B25003_002E&for=state:*","https://api.census.gov/data/2024/acs/acs5?get=NAME,B25035_001E&for=state:*","2026-02-28"
"LA_FAYETTE_LA","LA Fayette","LA Fayette, LA MSA","LA","0.88","2A","Humidity / Flood","16","67.38","1983","43","22.9","https://www.fema.gov/api/open/v2/DisasterDeclarationsSummaries?%24select=state,disasterNumber,declarationType,declarationDate&%24filter=declarationDate%20ge%20%272016-01-01T00:00:00.000z%27%20and%20declarationType%20eq%20%27DR%27&%24top=20000","https://api.census.gov/data/2024/acs/acs5?get=NAME,B25003_001E,B25003_002E&for=state:*","https://api.census.gov/data/2024/acs/acs5?get=NAME,B25035_001E&for=state:*","2026-02-28"
"LAS_VEGAS_HENDERSON_NV","Las Vegas Henderson","Las Vegas Henderson, NV MSA","NV","1.18","3B","Heat / Water Use","4","59.97","1996","30","15.3","https://www.fema.gov/api/open/v2/DisasterDeclarationsSummaries?%24select=state,disasterNumber,declarationType,declarationDate&%24filter=declarationDate%20ge%20%272016-01-01T00:00:00.000z%27%20and%20declarationType%20eq%20%27DR%27&%24top=20000","https://api.census.gov/data/2024/acs/acs5?get=NAME,B25003_001E,B25003_002E&for=state:*","https://api.census.gov/data/2024/acs/acs5?get=NAME,B25035_001E&for=state:*","2026-02-28"
"LEXINGTON_FAYETTE_KY","Lexington Fayette","Lexington Fayette, KY MSA","KY","0.94","4A","Historic Preserv","19","68.33","1982","44","29.8","https://www.fema.gov/api/open/v2/DisasterDeclarationsSummaries?%24select=state,disasterNumber,declarationType,declarationDate&%24filter=declarationDate%20ge%20%272016-01-01T00:00:00.000z%27%20and%20declarationType%20eq%20%27DR%27&%24top=20000","https://api.census.gov/data/2024/acs/acs5?get=NAME,B25003_001E,B25003_002E&for=state:*","https://api.census.gov/data/2024/acs/acs5?get=NAME,B25035_001E&for=state:*","2026-02-28"
"LITTLE_ROCK_NORTH_LITTLE_ROCK_AR","Little Rock North Little Rock","Little Rock North Little Rock, AR MSA","AR","0.89","3A","Storm Shelter Req","15","66.41","1987","39","20","https://www.fema.gov/api/open/v2/DisasterDeclarationsSummaries?%24select=state,disasterNumber,declarationType,declarationDate&%24filter=declarationDate%20ge%20%272016-01-01T00:00:00.000z%27%20and%20declarationType%20eq%20%27DR%27&%24top=20000","https://api.census.gov/data/2024/acs/acs5?get=NAME,B25003_001E,B25003_002E&for=state:*","https://api.census.gov/data/2024/acs/acs5?get=NAME,B25035_001E&for=state:*","2026-02-28"
"LOS_ANGELES_LONG_BEACH_CA","Los Angeles Long Beach","Los Angeles Long Beach, CA MSA","CA","1.65","3B","Seismic / Fire","33","55.86","1976","50","82.9","https://www.fema.gov/api/open/v2/DisasterDeclarationsSummaries?%24select=state,disasterNumber,declarationType,declarationDate&%24filter=declarationDate%20ge%20%272016-01-01T00:00:00.000z%27%20and%20declarationType%20eq%20%27DR%27&%24top=20000","https://api.census.gov/data/2024/acs/acs5?get=NAME,B25003_001E,B25003_002E&for=state:*","https://api.census.gov/data/2024/acs/acs5?get=NAME,B25035_001E&for=state:*","2026-02-28"
"LOUISVILLE_JEFFERSON_COUNTY_KY","Louisville Jefferson County","Louisville Jefferson County, KY MSA","KY","0.96","4A","Foundation Moisture","19","68.33","1982","44","30.8","https://www.fema.gov/api/open/v2/DisasterDeclarationsSummaries?%24select=state,disasterNumber,declarationType,declarationDate&%24filter=declarationDate%20ge%20%272016-01-01T00:00:00.000z%27%20and%20declarationType%20eq%20%27DR%27&%24top=20000","https://api.census.gov/data/2024/acs/acs5?get=NAME,B25003_001E,B25003_002E&for=state:*","https://api.census.gov/data/2024/acs/acs5?get=NAME,B25035_001E&for=state:*","2026-02-28"
"MADISON_WI","Madison","Madison, WI MSA","WI","1.15","6A","Insulation Codes","9","67.85","1975","51","31.3","https://www.fema.gov/api/open/v2/DisasterDeclarationsSummaries?%24select=state,disasterNumber,declarationType,declarationDate&%24filter=declarationDate%20ge%20%272016-01-01T00:00:00.000z%27%20and%20declarationType%20eq%20%27DR%27&%24top=20000","https://api.census.gov/data/2024/acs/acs5?get=NAME,B25003_001E,B25003_002E&for=state:*","https://api.census.gov/data/2024/acs/acs5?get=NAME,B25035_001E&for=state:*","2026-02-28"
"MEMPHIS_TN_MS_AR","Memphis TN MS","Memphis TN MS, AR MSA","AR","0.9","3A","Seismic / Soil","15","66.41","1987","39","20.5","https://www.fema.gov/api/open/v2/DisasterDeclarationsSummaries?%24select=state,disasterNumber,declarationType,declarationDate&%24filter=declarationDate%20ge%20%272016-01-01T00:00:00.000z%27%20and%20declarationType%20eq%20%27DR%27&%24top=20000","https://api.census.gov/data/2024/acs/acs5?get=NAME,B25003_001E,B25003_002E&for=state:*","https://api.census.gov/data/2024/acs/acs5?get=NAME,B25035_001E&for=state:*","2026-02-28"
"MIAMI_FT_LAUDERDALE_FL","Miami FT Lauderdale","Miami FT Lauderdale, FL MSA","FL","1.12","1","Hurricane / Flood","19","67.62","1988","38","35","https://www.fema.gov/api/open/v2/DisasterDeclarationsSummaries?%24select=state,disasterNumber,declarationType,declarationDate&%24filter=declarationDate%20ge%20%272016-01-01T00:00:00.000z%27%20and%20declarationType%20eq%20%27DR%27&%24top=20000","https://api.census.gov/data/2024/acs/acs5?get=NAME,B25003_001E,B25003_002E&for=state:*","https://api.census.gov/data/2024/acs/acs5?get=NAME,B25035_001E&for=state:*","2026-02-28"
"MILWAUKEE_WAUKESHA_WI","Milwaukee Waukesha","Milwaukee Waukesha, WI MSA","WI","1.22","6A","Lead Service Lines","9","67.85","1975","51","34.6","https://www.fema.gov/api/open/v2/DisasterDeclarationsSummaries?%24select=state,disasterNumber,declarationType,declarationDate&%24filter=declarationDate%20ge%20%272016-01-01T00:00:00.000z%27%20and%20declarationType%20eq%20%27DR%27&%24top=20000","https://api.census.gov/data/2024/acs/acs5?get=NAME,B25003_001E,B25003_002E&for=state:*","https://api.census.gov/data/2024/acs/acs5?get=NAME,B25035_001E&for=state:*","2026-02-28"
"MINNEAPOLIS_ST_PAUL_MN_WI","Minneapolis ST Paul MN","Minneapolis ST Paul MN, WI MSA","WI","1.35","6A","Ice Dams / Cold","9","67.85","1975","51","40.6","https://www.fema.gov/api/open/v2/DisasterDeclarationsSummaries?%24select=state,disasterNumber,declarationType,declarationDate&%24filter=declarationDate%20ge%20%272016-01-01T00:00:00.000z%27%20and%20declarationType%20eq%20%27DR%27&%24top=20000","https://api.census.gov/data/2024/acs/acs5?get=NAME,B25003_001E,B25003_002E&for=state:*","https://api.census.gov/data/2024/acs/acs5?get=NAME,B25035_001E&for=state:*","2026-02-28"
"MOBILE_AL","Mobile","Mobile, AL MSA","AL","0.88","2A","Termites / Moisture","17","70.2","1986","40","22.5","https://www.fema.gov/api/open/v2/DisasterDeclarationsSummaries?%24select=state,disasterNumber,declarationType,declarationDate&%24filter=declarationDate%20ge%20%272016-01-01T00:00:00.000z%27%20and%20declarationType%20eq%20%27DR%27&%24top=20000","https://api.census.gov/data/2024/acs/acs5?get=NAME,B25003_001E,B25003_002E&for=state:*","https://api.census.gov/data/2024/acs/acs5?get=NAME,B25035_001E&for=state:*","2026-02-28"
"MODESTO_CA","Modesto","Modesto, CA MSA","CA","1.25","3B","Water / Heat","33","55.86","1976","50","64.4","https://www.fema.gov/api/open/v2/DisasterDeclarationsSummaries?%24select=state,disasterNumber,declarationType,declarationDate&%24filter=declarationDate%20ge%20%272016-01-01T00:00:00.000z%27%20and%20declarationType%20eq%20%27DR%27&%24top=20000","https://api.census.gov/data/2024/acs/acs5?get=NAME,B25003_001E,B25003_002E&for=state:*","https://api.census.gov/data/2024/acs/acs5?get=NAME,B25035_001E&for=state:*","2026-02-28"
"MONTGOMERY_AL","Montgomery","Montgomery, AL MSA","AL","0.86","3A","Heat / Humidity","17","70.2","1986","40","21.6","https://www.fema.gov/api/open/v2/DisasterDeclarationsSummaries?%24select=state,disasterNumber,declarationType,declarationDate&%24filter=declarationDate%20ge%20%272016-01-01T00:00:00.000z%27%20and%20declarationType%20eq%20%27DR%27&%24top=20000","https://api.census.gov/data/2024/acs/acs5?get=NAME,B25003_001E,B25003_002E&for=state:*","https://api.census.gov/data/2024/acs/acs5?get=NAME,B25035_001E&for=state:*","2026-02-28"
"MYRTLE_BEACH_CONWAY_SC","Myrtle Beach Conway","Myrtle Beach Conway, SC MSA","SC","1.05","3A","Salt Air / Tourism","11","71.87","1992","34","19.9","https://www.fema.gov/api/open/v2/DisasterDeclarationsSummaries?%24select=state,disasterNumber,declarationType,declarationDate&%24filter=declarationDate%20ge%20%272016-01-01T00:00:00.000z%27%20and%20declarationType%20eq%20%27DR%27&%24top=20000","https://api.census.gov/data/2024/acs/acs5?get=NAME,B25003_001E,B25003_002E&for=state:*","https://api.census.gov/data/2024/acs/acs5?get=NAME,B25035_001E&for=state:*","2026-02-28"
"NASHVILLE_DAVIDSON_TN","Nashville Davidson","Nashville Davidson, TN MSA","TN","1.14","4A","Rock Excavation","24","66.94","1987","39","42.5","https://www.fema.gov/api/open/v2/DisasterDeclarationsSummaries?%24select=state,disasterNumber,declarationType,declarationDate&%24filter=declarationDate%20ge%20%272016-01-01T00:00:00.000z%27%20and%20declarationType%20eq%20%27DR%27&%24top=20000","https://api.census.gov/data/2024/acs/acs5?get=NAME,B25003_001E,B25003_002E&for=state:*","https://api.census.gov/data/2024/acs/acs5?get=NAME,B25035_001E&for=state:*","2026-02-28"
"NEW_HAVEN_MILFORD_CT","New Haven Milford","New Haven Milford, CT MSA","CT","1.32","5A","Radon","6","66.46","1967","59","39.9","https://www.fema.gov/api/open/v2/DisasterDeclarationsSummaries?%24select=state,disasterNumber,declarationType,declarationDate&%24filter=declarationDate%20ge%20%272016-01-01T00:00:00.000z%27%20and%20declarationType%20eq%20%27DR%27&%24top=20000","https://api.census.gov/data/2024/acs/acs5?get=NAME,B25003_001E,B25003_002E&for=state:*","https://api.census.gov/data/2024/acs/acs5?get=NAME,B25035_001E&for=state:*","2026-02-28"
"NEW_ORLEANS_METAIRIE_LA","New Orleans Metairie","New Orleans Metairie, LA MSA","LA","0.98","2A","Flood Elevation","16","67.38","1983","43","27.5","https://www.fema.gov/api/open/v2/DisasterDeclarationsSummaries?%24select=state,disasterNumber,declarationType,declarationDate&%24filter=declarationDate%20ge%20%272016-01-01T00:00:00.000z%27%20and%20declarationType%20eq%20%27DR%27&%24top=20000","https://api.census.gov/data/2024/acs/acs5?get=NAME,B25003_001E,B25003_002E&for=state:*","https://api.census.gov/data/2024/acs/acs5?get=NAME,B25035_001E&for=state:*","2026-02-28"
"NORTH_PORT_SARASOTA_FL","North Port Sarasota","North Port Sarasota, FL MSA","FL","1.08","2A","Hurricane / Age","19","67.62","1988","38","33.1","https://www.fema.gov/api/open/v2/DisasterDeclarationsSummaries?%24select=state,disasterNumber,declarationType,declarationDate&%24filter=declarationDate%20ge%20%272016-01-01T00:00:00.000z%27%20and%20declarationType%20eq%20%27DR%27&%24top=20000","https://api.census.gov/data/2024/acs/acs5?get=NAME,B25003_001E,B25003_002E&for=state:*","https://api.census.gov/data/2024/acs/acs5?get=NAME,B25035_001E&for=state:*","2026-02-28"
"NYC_NEWARK_JERSEY_CITY_NY_NJ","Nyc Newark Jersey City NY","Nyc Newark Jersey City NY, NJ MSA","NJ","1.72","4A","Extreme Logistics","7","63.83","1970","56","58","https://www.fema.gov/api/open/v2/DisasterDeclarationsSummaries?%24select=state,disasterNumber,declarationType,declarationDate&%24filter=declarationDate%20ge%20%272016-01-01T00:00:00.000z%27%20and%20declarationType%20eq%20%27DR%27&%24top=20000","https://api.census.gov/data/2024/acs/acs5?get=NAME,B25003_001E,B25003_002E&for=state:*","https://api.census.gov/data/2024/acs/acs5?get=NAME,B25035_001E&for=state:*","2026-02-28"
"OKLAHOMA_CITY_OK","Oklahoma City","Oklahoma City, OK MSA","OK","0.88","3A","Tornado / Wind","22","65.79","1980","46","31.8","https://www.fema.gov/api/open/v2/DisasterDeclarationsSummaries?%24select=state,disasterNumber,declarationType,declarationDate&%24filter=declarationDate%20ge%20%272016-01-01T00:00:00.000z%27%20and%20declarationType%20eq%20%27DR%27&%24top=20000","https://api.census.gov/data/2024/acs/acs5?get=NAME,B25003_001E,B25003_002E&for=state:*","https://api.census.gov/data/2024/acs/acs5?get=NAME,B25035_001E&for=state:*","2026-02-28"
"OMAHA_COUNCIL_BLUFFS_NE_IA","Omaha Council Bluffs NE","Omaha Council Bluffs NE, IA MSA","IA","1.02","5A","Hydrostatic Press","16","71.7","1972","54","35.3","https://www.fema.gov/api/open/v2/DisasterDeclarationsSummaries?%24select=state,disasterNumber,declarationType,declarationDate&%24filter=declarationDate%20ge%20%272016-01-01T00:00:00.000z%27%20and%20declarationType%20eq%20%27DR%27&%24top=20000","https://api.census.gov/data/2024/acs/acs5?get=NAME,B25003_001E,B25003_002E&for=state:*","https://api.census.gov/data/2024/acs/acs5?get=NAME,B25035_001E&for=state:*","2026-02-28"
"ORLANDO_KISSIMMEE_FL","Orlando Kissimmee","Orlando Kissimmee, FL MSA","FL","1.05","2A","Sinkhole / Mold","19","67.62","1988","38","31.7","https://www.fema.gov/api/open/v2/DisasterDeclarationsSummaries?%24select=state,disasterNumber,declarationType,declarationDate&%24filter=declarationDate%20ge%20%272016-01-01T00:00:00.000z%27%20and%20declarationType%20eq%20%27DR%27&%24top=20000","https://api.census.gov/data/2024/acs/acs5?get=NAME,B25003_001E,B25003_002E&for=state:*","https://api.census.gov/data/2024/acs/acs5?get=NAME,B25035_001E&for=state:*","2026-02-28"
"OXNARD_THOUSAND_OAKS_CA","Oxnard Thousand Oaks","Oxnard Thousand Oaks, CA MSA","CA","1.48","3C","Fire / Landslide","33","55.86","1976","50","75","https://www.fema.gov/api/open/v2/DisasterDeclarationsSummaries?%24select=state,disasterNumber,declarationType,declarationDate&%24filter=declarationDate%20ge%20%272016-01-01T00:00:00.000z%27%20and%20declarationType%20eq%20%27DR%27&%24top=20000","https://api.census.gov/data/2024/acs/acs5?get=NAME,B25003_001E,B25003_002E&for=state:*","https://api.census.gov/data/2024/acs/acs5?get=NAME,B25035_001E&for=state:*","2026-02-28"
"PHILADELPHIA_PA_NJ","Philadelphia PA","Philadelphia PA, NJ MSA","NJ","1.4","4A","Historic Codes","7","63.83","1970","56","43.2","https://www.fema.gov/api/open/v2/DisasterDeclarationsSummaries?%24select=state,disasterNumber,declarationType,declarationDate&%24filter=declarationDate%20ge%20%272016-01-01T00:00:00.000z%27%20and%20declarationType%20eq%20%27DR%27&%24top=20000","https://api.census.gov/data/2024/acs/acs5?get=NAME,B25003_001E,B25003_002E&for=state:*","https://api.census.gov/data/2024/acs/acs5?get=NAME,B25035_001E&for=state:*","2026-02-28"
"PHOENIX_MESA_CHANDLER_AZ","Phoenix Mesa Chandler","Phoenix Mesa Chandler, AZ MSA","AZ","1.12","2B","Extreme Heat","11","67.37","1992","34","23.1","https://www.fema.gov/api/open/v2/DisasterDeclarationsSummaries?%24select=state,disasterNumber,declarationType,declarationDate&%24filter=declarationDate%20ge%20%272016-01-01T00:00:00.000z%27%20and%20declarationType%20eq%20%27DR%27&%24top=20000","https://api.census.gov/data/2024/acs/acs5?get=NAME,B25003_001E,B25003_002E&for=state:*","https://api.census.gov/data/2024/acs/acs5?get=NAME,B25035_001E&for=state:*","2026-02-28"
"PITTSBURGH_PA","Pittsburgh","Pittsburgh, PA MSA","PA","1.15","5A","Retaining Walls","6","69.33","1965","61","33.1","https://www.fema.gov/api/open/v2/DisasterDeclarationsSummaries?%24select=state,disasterNumber,declarationType,declarationDate&%24filter=declarationDate%20ge%20%272016-01-01T00:00:00.000z%27%20and%20declarationType%20eq%20%27DR%27&%24top=20000","https://api.census.gov/data/2024/acs/acs5?get=NAME,B25003_001E,B25003_002E&for=state:*","https://api.census.gov/data/2024/acs/acs5?get=NAME,B25035_001E&for=state:*","2026-02-28"
"PORTLAND_VANCOUVER_OR_WA","Portland Vancouver OR","Portland Vancouver OR, WA MSA","WA","1.34","4C","Earthquake / Rain","17","63.78","1985","41","44.4","https://www.fema.gov/api/open/v2/DisasterDeclarationsSummaries?%24select=state,disasterNumber,declarationType,declarationDate&%24filter=declarationDate%20ge%20%272016-01-01T00:00:00.000z%27%20and%20declarationType%20eq%20%27DR%27&%24top=20000","https://api.census.gov/data/2024/acs/acs5?get=NAME,B25003_001E,B25003_002E&for=state:*","https://api.census.gov/data/2024/acs/acs5?get=NAME,B25035_001E&for=state:*","2026-02-28"
"PROVIDENCE_WARWICK_RI","Providence Warwick","Providence Warwick, RI MSA","RI","1.28","5A","Coastal Erosion","5","63.64","1962","64","39.5","https://www.fema.gov/api/open/v2/DisasterDeclarationsSummaries?%24select=state,disasterNumber,declarationType,declarationDate&%24filter=declarationDate%20ge%20%272016-01-01T00:00:00.000z%27%20and%20declarationType%20eq%20%27DR%27&%24top=20000","https://api.census.gov/data/2024/acs/acs5?get=NAME,B25003_001E,B25003_002E&for=state:*","https://api.census.gov/data/2024/acs/acs5?get=NAME,B25035_001E&for=state:*","2026-02-28"
"RALEIGH_CARY_NC","Raleigh Cary","Raleigh Cary, NC MSA","NC","1.06","3A","Radon","13","66.63","1991","35","23.3","https://www.fema.gov/api/open/v2/DisasterDeclarationsSummaries?%24select=state,disasterNumber,declarationType,declarationDate&%24filter=declarationDate%20ge%20%272016-01-01T00:00:00.000z%27%20and%20declarationType%20eq%20%27DR%27&%24top=20000","https://api.census.gov/data/2024/acs/acs5?get=NAME,B25003_001E,B25003_002E&for=state:*","https://api.census.gov/data/2024/acs/acs5?get=NAME,B25035_001E&for=state:*","2026-02-28"
"RENO_SPARKS_NV","Reno Sparks","Reno Sparks, NV MSA","NV","1.18","5B","Snow / Fire","4","59.97","1996","30","15.3","https://www.fema.gov/api/open/v2/DisasterDeclarationsSummaries?%24select=state,disasterNumber,declarationType,declarationDate&%24filter=declarationDate%20ge%20%272016-01-01T00:00:00.000z%27%20and%20declarationType%20eq%20%27DR%27&%24top=20000","https://api.census.gov/data/2024/acs/acs5?get=NAME,B25003_001E,B25003_002E&for=state:*","https://api.census.gov/data/2024/acs/acs5?get=NAME,B25035_001E&for=state:*","2026-02-28"
"RICHMOND_VA","Richmond","Richmond, VA MSA","VA","1.02","4A","Humidity","11","67.34","1984","42","22.8","https://www.fema.gov/api/open/v2/DisasterDeclarationsSummaries?%24select=state,disasterNumber,declarationType,declarationDate&%24filter=declarationDate%20ge%20%272016-01-01T00:00:00.000z%27%20and%20declarationType%20eq%20%27DR%27&%24top=20000","https://api.census.gov/data/2024/acs/acs5?get=NAME,B25003_001E,B25003_002E&for=state:*","https://api.census.gov/data/2024/acs/acs5?get=NAME,B25035_001E&for=state:*","2026-02-28"
"RIVERSIDE_SAN_BERNARDINO_CA","Riverside San Bernardino","Riverside San Bernardino, CA MSA","CA","1.38","3B","Wildfire Ignition","33","55.86","1976","50","70.4","https://www.fema.gov/api/open/v2/DisasterDeclarationsSummaries?%24select=state,disasterNumber,declarationType,declarationDate&%24filter=declarationDate%20ge%20%272016-01-01T00:00:00.000z%27%20and%20declarationType%20eq%20%27DR%27&%24top=20000","https://api.census.gov/data/2024/acs/acs5?get=NAME,B25003_001E,B25003_002E&for=state:*","https://api.census.gov/data/2024/acs/acs5?get=NAME,B25035_001E&for=state:*","2026-02-28"
"ROCHESTER_NY","Rochester","Rochester, NY MSA","NY","1.05","5A","Snow Load","15","54.35","1959","67","42.6","https://www.fema.gov/api/open/v2/DisasterDeclarationsSummaries?%24select=state,disasterNumber,declarationType,declarationDate&%24filter=declarationDate%20ge%20%272016-01-01T00:00:00.000z%27%20and%20declarationType%20eq%20%27DR%27&%24top=20000","https://api.census.gov/data/2024/acs/acs5?get=NAME,B25003_001E,B25003_002E&for=state:*","https://api.census.gov/data/2024/acs/acs5?get=NAME,B25035_001E&for=state:*","2026-02-28"
"SACRAMENTO_ROSEVILLE_CA","Sacramento Roseville","Sacramento Roseville, CA MSA","CA","1.35","3B","Cooling Load","33","55.86","1976","50","69","https://www.fema.gov/api/open/v2/DisasterDeclarationsSummaries?%24select=state,disasterNumber,declarationType,declarationDate&%24filter=declarationDate%20ge%20%272016-01-01T00:00:00.000z%27%20and%20declarationType%20eq%20%27DR%27&%24top=20000","https://api.census.gov/data/2024/acs/acs5?get=NAME,B25003_001E,B25003_002E&for=state:*","https://api.census.gov/data/2024/acs/acs5?get=NAME,B25035_001E&for=state:*","2026-02-28"
"SALT_LAKE_CITY_UT","Salt Lake City","Salt Lake City, UT MSA","UT","1.15","5B","Seismic","5","70.25","1992","34","17.3","https://www.fema.gov/api/open/v2/DisasterDeclarationsSummaries?%24select=state,disasterNumber,declarationType,declarationDate&%24filter=declarationDate%20ge%20%272016-01-01T00:00:00.000z%27%20and%20declarationType%20eq%20%27DR%27&%24top=20000","https://api.census.gov/data/2024/acs/acs5?get=NAME,B25003_001E,B25003_002E&for=state:*","https://api.census.gov/data/2024/acs/acs5?get=NAME,B25035_001E&for=state:*","2026-02-28"
"SAN_ANTONIO_NEW_BRAUNFELS_TX","San Antonio New Braunfels","San Antonio New Braunfels, TX MSA","TX","0.9","2A","Foundation Repair","17","62.58","1992","34","20.2","https://www.fema.gov/api/open/v2/DisasterDeclarationsSummaries?%24select=state,disasterNumber,declarationType,declarationDate&%24filter=declarationDate%20ge%20%272016-01-01T00:00:00.000z%27%20and%20declarationType%20eq%20%27DR%27&%24top=20000","https://api.census.gov/data/2024/acs/acs5?get=NAME,B25003_001E,B25003_002E&for=state:*","https://api.census.gov/data/2024/acs/acs5?get=NAME,B25035_001E&for=state:*","2026-02-28"
"SAN_DIEGO_CHULA_VISTA_CA","San Diego Chula Vista","San Diego Chula Vista, CA MSA","CA","1.58","3B","Coastal Corrosion","33","55.86","1976","50","79.7","https://www.fema.gov/api/open/v2/DisasterDeclarationsSummaries?%24select=state,disasterNumber,declarationType,declarationDate&%24filter=declarationDate%20ge%20%272016-01-01T00:00:00.000z%27%20and%20declarationType%20eq%20%27DR%27&%24top=20000","https://api.census.gov/data/2024/acs/acs5?get=NAME,B25003_001E,B25003_002E&for=state:*","https://api.census.gov/data/2024/acs/acs5?get=NAME,B25035_001E&for=state:*","2026-02-28"
"SAN_FRANCISCO_OAKLAND_CA","San Francisco Oakland","San Francisco Oakland, CA MSA","CA","1.82","3C","Soft Story Retrofit","33","55.86","1976","50","90.8","https://www.fema.gov/api/open/v2/DisasterDeclarationsSummaries?%24select=state,disasterNumber,declarationType,declarationDate&%24filter=declarationDate%20ge%20%272016-01-01T00:00:00.000z%27%20and%20declarationType%20eq%20%27DR%27&%24top=20000","https://api.census.gov/data/2024/acs/acs5?get=NAME,B25003_001E,B25003_002E&for=state:*","https://api.census.gov/data/2024/acs/acs5?get=NAME,B25035_001E&for=state:*","2026-02-28"
"SAN_JOSE_SUNNYVALE_CA","San Jose Sunnyvale","San Jose Sunnyvale, CA MSA","CA","1.78","3C","Strict Lot Coverage","33","55.86","1976","50","89","https://www.fema.gov/api/open/v2/DisasterDeclarationsSummaries?%24select=state,disasterNumber,declarationType,declarationDate&%24filter=declarationDate%20ge%20%272016-01-01T00:00:00.000z%27%20and%20declarationType%20eq%20%27DR%27&%24top=20000","https://api.census.gov/data/2024/acs/acs5?get=NAME,B25003_001E,B25003_002E&for=state:*","https://api.census.gov/data/2024/acs/acs5?get=NAME,B25035_001E&for=state:*","2026-02-28"
"SAVANNAH_GA","Savannah","Savannah, GA MSA","GA","0.96","2A","Historic / Flood","13","65.69","1992","34","18.1","https://www.fema.gov/api/open/v2/DisasterDeclarationsSummaries?%24select=state,disasterNumber,declarationType,declarationDate&%24filter=declarationDate%20ge%20%272016-01-01T00:00:00.000z%27%20and%20declarationType%20eq%20%27DR%27&%24top=20000","https://api.census.gov/data/2024/acs/acs5?get=NAME,B25003_001E,B25003_002E&for=state:*","https://api.census.gov/data/2024/acs/acs5?get=NAME,B25035_001E&for=state:*","2026-02-28"
"SEATTLE_TACOMA_BELLEVUE_WA","Seattle Tacoma Bellevue","Seattle Tacoma Bellevue, WA MSA","WA","1.52","4C","Landfill Fees","17","63.78","1985","41","52.7","https://www.fema.gov/api/open/v2/DisasterDeclarationsSummaries?%24select=state,disasterNumber,declarationType,declarationDate&%24filter=declarationDate%20ge%20%272016-01-01T00:00:00.000z%27%20and%20declarationType%20eq%20%27DR%27&%24top=20000","https://api.census.gov/data/2024/acs/acs5?get=NAME,B25003_001E,B25003_002E&for=state:*","https://api.census.gov/data/2024/acs/acs5?get=NAME,B25035_001E&for=state:*","2026-02-28"
"SPOKANE_SPOKANE_VALLEY_WA","Spokane Spokane Valley","Spokane Spokane Valley, WA MSA","WA","1.12","5B","Snow Load","17","63.78","1985","41","34.2","https://www.fema.gov/api/open/v2/DisasterDeclarationsSummaries?%24select=state,disasterNumber,declarationType,declarationDate&%24filter=declarationDate%20ge%20%272016-01-01T00:00:00.000z%27%20and%20declarationType%20eq%20%27DR%27&%24top=20000","https://api.census.gov/data/2024/acs/acs5?get=NAME,B25003_001E,B25003_002E&for=state:*","https://api.census.gov/data/2024/acs/acs5?get=NAME,B25035_001E&for=state:*","2026-02-28"
"ST_LOUIS_MO_IL","ST Louis MO","ST Louis MO, IL MSA","IL","1.18","4A","Brick Repair","6","67.09","1971","55","31.2","https://www.fema.gov/api/open/v2/DisasterDeclarationsSummaries?%24select=state,disasterNumber,declarationType,declarationDate&%24filter=declarationDate%20ge%20%272016-01-01T00:00:00.000z%27%20and%20declarationType%20eq%20%27DR%27&%24top=20000","https://api.census.gov/data/2024/acs/acs5?get=NAME,B25003_001E,B25003_002E&for=state:*","https://api.census.gov/data/2024/acs/acs5?get=NAME,B25035_001E&for=state:*","2026-02-28"
"TAMPA_ST_PETERSBURG_FL","Tampa ST Petersburg","Tampa ST Petersburg, FL MSA","FL","1.06","2A","Flood Vents","19","67.62","1988","38","32.2","https://www.fema.gov/api/open/v2/DisasterDeclarationsSummaries?%24select=state,disasterNumber,declarationType,declarationDate&%24filter=declarationDate%20ge%20%272016-01-01T00:00:00.000z%27%20and%20declarationType%20eq%20%27DR%27&%24top=20000","https://api.census.gov/data/2024/acs/acs5?get=NAME,B25003_001E,B25003_002E&for=state:*","https://api.census.gov/data/2024/acs/acs5?get=NAME,B25035_001E&for=state:*","2026-02-28"
"TUCSON_AZ","Tucson","Tucson, AZ MSA","AZ","0.95","2B","Termites","11","67.37","1992","34","15.2","https://www.fema.gov/api/open/v2/DisasterDeclarationsSummaries?%24select=state,disasterNumber,declarationType,declarationDate&%24filter=declarationDate%20ge%20%272016-01-01T00:00:00.000z%27%20and%20declarationType%20eq%20%27DR%27&%24top=20000","https://api.census.gov/data/2024/acs/acs5?get=NAME,B25003_001E,B25003_002E&for=state:*","https://api.census.gov/data/2024/acs/acs5?get=NAME,B25035_001E&for=state:*","2026-02-28"
"TULSA_OK","Tulsa","Tulsa, OK MSA","OK","0.89","3A","Tornado","22","65.79","1980","46","32.2","https://www.fema.gov/api/open/v2/DisasterDeclarationsSummaries?%24select=state,disasterNumber,declarationType,declarationDate&%24filter=declarationDate%20ge%20%272016-01-01T00:00:00.000z%27%20and%20declarationType%20eq%20%27DR%27&%24top=20000","https://api.census.gov/data/2024/acs/acs5?get=NAME,B25003_001E,B25003_002E&for=state:*","https://api.census.gov/data/2024/acs/acs5?get=NAME,B25035_001E&for=state:*","2026-02-28"
"VIRGINIA_BEACH_NORFOLK_VA","Virginia Beach Norfolk","Virginia Beach Norfolk, VA MSA","VA","1.04","3A","Flood Zone","11","67.34","1984","42","23.7","https://www.fema.gov/api/open/v2/DisasterDeclarationsSummaries?%24select=state,disasterNumber,declarationType,declarationDate&%24filter=declarationDate%20ge%20%272016-01-01T00:00:00.000z%27%20and%20declarationType%20eq%20%27DR%27&%24top=20000","https://api.census.gov/data/2024/acs/acs5?get=NAME,B25003_001E,B25003_002E&for=state:*","https://api.census.gov/data/2024/acs/acs5?get=NAME,B25035_001E&for=state:*","2026-02-28"
"WASHINGTON_ARLINGTON_DC_VA","Washington Arlington DC","Washington Arlington DC, VA MSA","VA","1.45","4A","Security / Traffic","11","67.34","1984","42","42.8","https://www.fema.gov/api/open/v2/DisasterDeclarationsSummaries?%24select=state,disasterNumber,declarationType,declarationDate&%24filter=declarationDate%20ge%20%272016-01-01T00:00:00.000z%27%20and%20declarationType%20eq%20%27DR%27&%24top=20000","https://api.census.gov/data/2024/acs/acs5?get=NAME,B25003_001E,B25003_002E&for=state:*","https://api.census.gov/data/2024/acs/acs5?get=NAME,B25035_001E&for=state:*","2026-02-28"
"WICHITA_KS","Wichita","Wichita, KS MSA","KS","0.92","4A","High Wind","19","67.15","1976","50","32.2","https://www.fema.gov/api/open/v2/DisasterDeclarationsSummaries?%24select=state,disasterNumber,declarationType,declarationDate&%24filter=declarationDate%20ge%20%272016-01-01T00:00:00.000z%27%20and%20declarationType%20eq%20%27DR%27&%24top=20000","https://api.census.gov/data/2024/acs/acs5?get=NAME,B25003_001E,B25003_002E&for=state:*","https://api.census.gov/data/2024/acs/acs5?get=NAME,B25035_001E&for=state:*","2026-02-28"
"WORCESTER_MA_CT","Worcester MA","Worcester MA, CT MSA","CT","1.25","5A","Old Housing Stock","6","66.46","1967","59","36.6","https://www.fema.gov/api/open/v2/DisasterDeclarationsSummaries?%24select=state,disasterNumber,declarationType,declarationDate&%24filter=declarationDate%20ge%20%272016-01-01T00:00:00.000z%27%20and%20declarationType%20eq%20%27DR%27&%24top=20000","https://api.census.gov/data/2024/acs/acs5?get=NAME,B25003_001E,B25003_002E&for=state:*","https://api.census.gov/data/2024/acs/acs5?get=NAME,B25035_001E&for=state:*","2026-02-28"
